,users,values,time
0,0,0.0,15:44:19
1,15,13.666666666666666,15:44:24
2,19,15.333333333333334,15:44:29
3,24,17.4,15:44:34
4,28,16.2,15:44:39
5,32,15.2,15:44:44
6,36,13.3,15:44:49
7,40,13.5,15:44:54
