,users,values,time,fails,response_time_50,response_time_95
0,12,2.6666666666666665,10:34:11,0.0,130.0,350.0
1,31,4.666666666666667,10:34:16,0.0,330.0,810.0
2,46,7.0,10:34:21,0.0,720.0,1800.0
3,66,8.8,10:34:26,0.0,840.0,4700.0
4,81,8.4,10:34:31,0.0,1600.0,8000.0
5,101,8.4,10:34:36,0.0,1900.0,8100.0
6,121,8.5,10:34:41,0.0,1800.0,11000.0
7,136,8.5,10:34:46,0.0,1800.0,11000.0
8,156,8.6,10:34:51,0.0,1800.0,16000.0
9,176,8.5,10:34:56,0.0,1800.0,16000.0
10,191,8.8,10:35:01,0.0,1700.0,8300.0
11,211,8.9,10:35:06,0.0,1800.0,17000.0
12,227,4.5,10:35:11,0.0,3600.0,39000.0
13,246,3.8,10:35:16,0.1,7200.0,39000.0
14,261,3.8,10:35:21,0.1,3800.0,34000.0
15,281,3.8,10:35:26,0.1,0.0,0.0
16,301,3.8,10:35:31,0.1,0.0,0.0
17,316,0.0,10:35:36,0.0,0.0,0.0
18,336,5.7,10:35:41,0.1,1900.0,33000.0
19,356,8.0,10:35:46,0.1,1900.0,33000.0
20,371,8.7,10:35:51,0.0,2100.0,36000.0
21,391,8.4,10:35:56,0.0,1800.0,32000.0
22,406,8.4,10:36:01,0.0,1800.0,34000.0
23,426,4.4,10:36:06,0.0,1800.0,65000.0
24,446,4.5,10:36:11,0.2,1700.0,16000.0
25,461,4.5,10:36:16,0.2,1500.0,16000.0
26,481,4.5,10:36:21,0.2,0.0,0.0
27,497,2.7,10:36:26,0.1,12000.0,69000.0
